{
  "pages": [ //pages数组中第一项表示应用启动页，参考：https://uniapp.dcloud.io/collocation/pages
    {
      "path": "pages/index/index"
    },
    {
      "path": "pages/my/my"
    }
  ],
  "globalStyle": {
    "backgroundTextStyle": "light",
    "navigationBarBackgroundColor": "#fff",
    "navigationBarTitleText": "智能家居",
    "navigationBarTextStyle": "black"
  },
  "tabBar": {
    "color": "#999",
    "selectedColor": "#3d7ef9",
    "borderStyle": "black",
    "backgroundColor": "#fafafa",
    "list": [{
      "pagePath": "pages/index/index",
      "iconPath": "static/tabs/home.png",
      "selectedIconPath": "static/tabs/home-active.png",
      "text": ""
    }, {
      "pagePath": "pages/my/my",
      "iconPath": "static/tabs/orders.png",
      "selectedIconPath": "static/tabs/orders-active.png",
      "text": ""
    }]
  }
}
